Model,Dataset,MSE,Center_Error_Pixels_Mean,Center_Error_Pixels_Std,Center_Error_Microns_Mean,Center_Error_Microns_Std,Correlation,AUROC_Mean,AUROC_Std,Average_Precision_Mean,Average_Precision_Std
3D CNN,mixin_test44,0.008676837,104.65504326130547,14.221771521194823,34.012889059924284,4.622075744388318,0.6589671536786529,0.964065943033032,0.03189892832968701,0.999543420984583,0.0004873019839415639
3D CNN,mixin_test57,0.007881221,120.49422649904638,14.142298072713855,78.32124722438016,9.192493747264006,0.48967592972380014,0.7546801221426002,0.06763844328065635,0.6356032262588064,0.10163126110983407
3D CNN,mixin_test64,0.014863703,131.8363204127614,0.12624379397459556,85.69360826829492,0.08205846608348898,0.6392959352442859,0.7698689072426096,0.03197771539667061,0.3376797998426019,0.017508044306668417
Flow-Based,mixin_test44,0.007503082,122.13162125912054,33.840572971070685,39.69277690921417,10.998186215597974,0.6380439901724339,0.9556854316546629,0.031765725240411866,0.99949956696626,0.0004211436548968197
Flow-Based,mixin_test57,0.007658303,122.04467998950703,11.012621502358197,79.32904199317959,7.158203976532829,0.4822214619357149,0.7648190187093592,0.07909615588447756,0.6384348552510751,0.11496971475352945
Flow-Based,mixin_test64,0.017213065,128.1847509950804,2.370651661949186,83.32008814680225,1.5409235802669718,0.7102433538458393,0.8582091238924965,0.01769800130033736,0.46666651816277255,0.021509323324817385
ConvLSTM,mixin_test44,0.007732065,122.57494855016719,29.52359041509917,39.83685827880434,9.595166884907231,0.6331400064802449,0.9487680260804568,0.028478008035870663,0.9994675688749836,0.00034638272267453025
ConvLSTM,mixin_test57,0.007622835,129.75004495681716,11.877923773615853,84.33752922193116,7.720650452850305,0.4826360573432388,0.7536417506144878,0.09232630359504165,0.6241908459221908,0.13066602887471815
ConvLSTM,mixin_test64,0.014339517,127.77477182050777,3.4887539880521614,83.05360168333004,2.2676900922339036,0.7787438891038475,0.9606604264162382,0.006343039123199187,0.6753354662151533,0.02754472173932753
