Dataset,Model,MAE_frames,MAE_std,Relative_Error_Mean,Relative_Error_Std
mixin_test44,3D CNN,68.05395415521437,0.2366554388067529,68.74136783354987,0.23904589778459906
mixin_test44,Flow-Based,69.47196283648091,1.0919296022414806,70.17369983482921,1.102959194183314
mixin_test44,ConvLSTM,66.09923922631049,0.22019429135402152,66.76690830940451,0.22241847611517282
mixin_test57,3D CNN,378.049158734523,8.042875036550202,94.74916259010602,2.0157581545238594
mixin_test57,Flow-Based,379.6195262515818,8.579321750380597,95.14273840891775,2.1502059524763406
mixin_test57,ConvLSTM,380.30068610339373,7.639092725556291,95.31345516375784,1.9145595803399225
mixin_test64,3D CNN,8.796611932607798,0.5699481139897733,46.29795754004104,2.999726915735648
mixin_test64,Flow-Based,8.957633385291466,1.1765490327017654,47.145438869955086,6.192363330009292
mixin_test64,ConvLSTM,2.233578315147987,0.1310800542534746,11.755675342884143,0.6898950223867084
